name,popularity,Eccentricity,closnesscentrality,harmonicclosnesscentrality,betweenesscentrality,eigencentrality,Degree,Weighted Degree
Anuel AA,89,4,0.416959,0.466457,50424.078199,0.829189,93,136
Arcángel,86,4,0.431942,0.489916,78088.209913,1,127,192
Bad Bunny,98,5,0.410203,0.456583,34479.052566,0.626206,72,99
Banda MS de Sergio Lizárraga,81,5,0.318097,0.341779,15237.322579,0.040326,22,25
Banda Tierra Sagrada,62,7,0.219274,0.237139,17802.84629,0.007869,17,20
Bb trickz,62,5,0.283131,0.30021,13045.512379,0.015428,15,18
Becky G,77,5,0.397594,0.446373,65071.782171,0.449527,76,90
bic,33,1,1,1,5,0.001486,4,5
Bizarrap,81,5,0.392092,0.429482,19966.461663,0.34023,42,71
Cazzu,76,5,0.375869,0.423978,19381.795851,0.519576,66,78
Cris MJ,83,5,0.363248,0.397661,19295.48445,0.232108,43,57
Daddy Yankee,89,5,0.392869,0.446513,41084.701456,0.648485,87,121
Duki,81,5,0.40339,0.454692,96778.584303,0.459513,102,149
Eladio Carrion,81,5,0.420941,0.472829,44043.03861,0.834986,93,145
Emilia,76,6,0.330556,0.363978,14242.219799,0.110631,40,55
Eslabon Armado,78,5,0.334458,0.358557,7289.109177,0.077871,19,30
Feid,88,5,0.391061,0.443151,29239.939153,0.671946,77,118
Fuerza Regida,92,4,0.37269,0.410364,37762.806072,0.205475,61,97
Gabito Ballesteros,82,5,0.361153,0.396022,21518.90626,0.160073,43,82
Grupo Firme,83,5,0.341659,0.375686,46911.635415,0.082022,44,49
Grupo Frontera,86,5,0.376344,0.411849,20671.525228,0.232324,35,59
Junior H,90,5,0.357357,0.394412,23952.533447,0.149663,43,78
KAROL G,89,5,0.382268,0.431653,29199.187492,0.525159,68,94
KHEA,74,6,0.351447,0.399664,38654.455796,0.22145,75,108
La Adictiva,72,5,0.314482,0.336373,13794.483496,0.039997,20,21
La Arrolladora Banda El Limón De Rene Camacho,83,6,0.259034,0.276303,8297.704593,0.008059,10,10
Laura sad,34,1,1,1,1,0.000696,2,2
Los 2 de la S,57,6,0.261022,0.277115,4423.048854,0.009518,10,12
Luis R Conriquez,83,5,0.360934,0.404216,59537.485606,0.175431,72,109
Milo j,85,5,0.350515,0.38444,33160.877052,0.128015,45,62
Mora,83,5,0.380192,0.426204,16324.878707,0.567314,63,89
Myke Towers,87,5,0.425152,0.473599,40496.080613,0.799742,86,138
Natanael Cano,86,5,0.379222,0.418852,42499.220131,0.227335,54,92
Nicki Nicole,75,5,0.385113,0.42416,23703.521952,0.297252,53,78
Oscar Maydon,84,5,0.355436,0.39,19831.082197,0.145188,42,80
Ozuna,89,5,0.384989,0.442003,36500.344237,0.70213,96,132
Paulo Londra,77,6,0.348565,0.381527,14899.504307,0.194116,33,39
Peso Pluma,89,4,0.396007,0.432563,34093.554251,0.283726,46,91
Quevedo,84,5,0.377179,0.419342,25407.912179,0.43655,57,87
Rauw Alejandro,90,5,0.387244,0.442773,37064.395193,0.675418,88,119
Rojuu,62,7,0.237667,0.268117,43830.37523,0.023748,45,53
Saramalacara,58,6,0.266936,0.28514,17739.932409,0.011515,14,17
Sech,80,5,0.395086,0.444272,15320.402258,0.783564,74,133
Tainy,80,5,0.39119,0.43951,24276.696203,0.555585,68,98
Tito Double P,86,5,0.338549,0.366653,6843.325754,0.090577,25,46
Yandel,79,5,0.420792,0.476331,42161.765347,0.933578,110,160
Young Miko,78,5,0.362363,0.412731,24128.05693,0.467962,65,78
YOVNGCHIMI,70,5,0.360497,0.410532,22445.463447,0.473396,68,98
Ysrael Barajas,63,6,0.258921,0.281148,23427.239336,0.016622,30,34
Ñengo Flow,83,5,0.394301,0.460728,66388.578806,0.740881,127,165
Foreign Teck,57,5,0.322931,0.343852,56.07424,0.102843,6,7
Blessd,85,5,0.352802,0.386036,3295.350803,0.236444,27,38
Cheo Gallego,49,6,0.260622,0.275224,0,0.009913,4,4
NATTI NATASHA,73,6,0.342249,0.37528,889.199837,0.279183,19,23
ORO600,51,6,0.300126,0.32021,0,0.039334,5,10
Arsenal De Guerra,18,6,0.26527,0.279678,0,0.00752,1,1
Playero,56,6,0.279212,0.297661,0,0.021101,1,1
Fast & Furious: The Fast Saga,61,6,0.30552,0.32493,0,0.044982,2,2
Banda Carnaval,63,6,0.254763,0.267283,0,0.004515,2,2
Lil Wayne,88,5,0.31357,0.331345,0,0.051208,2,2
Amaro,55,6,0.295873,0.324664,7044.403209,0.071847,17,17
Cardi B,82,5,0.309091,0.326527,31.88412,0.0318,2,2
Gigolo Y La Exce,64,5,0.30893,0.327955,3.163755,0.058148,3,4
Esteban Gabriel,56,6,0.275017,0.288515,0,0.008402,1,1
Wise,44,5,0.309573,0.333137,0,0.095608,9,9
Ovy On The Drums,84,5,0.346535,0.377703,1490.195537,0.208217,16,30
Alemán,79,4,0.35,0.370588,3920.019719,0.079471,11,17
Santino Villarruel,34,6,0.261079,0.273473,0,0.006062,2,2
Tom Morello,66,6,0.266219,0.28493,0,0.017681,4,4
Fido,24,6,0.296241,0.313431,0,0.028725,1,1
Moffa,41,6,0.301877,0.326835,203.518879,0.049712,5,5
DJ Nelson,70,5,0.348157,0.378137,781.648939,0.223938,16,16
Octubre Doce,40,6,0.241379,0.250588,0,0.002128,1,1
Galee Galee,56,6,0.239437,0.247857,0,0.001976,2,2
Orslok,45,8,0.192059,0.203949,0,0.002273,1,1
El Mimoso Luis Antonio López,67,6,0.268866,0.284888,339.292191,0.011576,8,8
Carín León,85,6,0.289327,0.307311,0,0.021828,3,5
Nicky Jam,83,5,0.36968,0.408319,3697.603123,0.470385,34,41
CDobleta,63,5,0.327193,0.353025,252.119294,0.116146,11,17
KARBeats,60,6,0.29131,0.31028,0,0.055358,4,4
Pressure 9X19,59,5,0.318097,0.33972,326.314165,0.087123,9,14
Candelita,37,6,0.239292,0.248011,0,0.002008,1,1
Los Pikadientes De Caborca,42,5,0.278493,0.291765,0,0.009865,2,2
Los Minis de Caborca,51,6,0.26527,0.279678,0,0.00752,1,1
Farruko,85,5,0.371411,0.407017,1650.436078,0.462864,32,44
Nes,66,6,0.266577,0.278978,0,0.009528,2,3
fish narc,40,8,0.192059,0.203949,0,0.002273,1,1
Calle 24,79,5,0.328638,0.350364,1226.944652,0.065567,13,15
J.I the Prince of N.Y,60,6,0.282862,0.303922,0,0.023929,1,1
FMK,66,6,0.32576,0.35416,1947.634228,0.11124,16,19
Mr. Naisgai,57,6,0.288975,0.309356,2.379625,0.044862,4,4
Codiciado,67,6,0.290315,0.309174,285.261436,0.018238,3,3
Ela Conem,23,2,0.666667,0.75,0,0.000383,1,1
Kenia Os,71,5,0.286954,0.301625,0,0.016118,2,2
Bobby Shmurda,58,6,0.311763,0.332787,0,0.06376,3,3
Lui-G 21+,42,6,0.247144,0.261597,0,0.00769,3,3
benny blanco,75,6,0.298395,0.313754,0,0.024629,1,1
Magicenelbeat,48,6,0.266517,0.278557,0,0.007974,1,1
Natalie López,11,7,0.215814,0.222503,0,0.00064,1,1
Romeo Santos,87,5,0.338742,0.366975,203.239604,0.156632,8,8
Producto Sin Corte,39,5,0.316658,0.341569,28.243786,0.099466,8,8
E.VAX,49,6,0.290244,0.310084,0,0.041008,2,2
DJ Ricky,20,6,0.282862,0.303922,0,0.023929,1,1
Chiquis,45,6,0.288555,0.30472,0,0.0179,3,3
Brray,72,5,0.384615,0.428305,7552.62371,0.546745,53,68
Espinoza Paz,69,6,0.267416,0.281877,338.94441,0.006963,3,3
RØZ,66,5,0.283739,0.296092,0,0.009855,1,1
DRED BEY,38,8,0.19209,0.204369,0,0.002891,2,2
Darell,77,5,0.369336,0.406667,2209.502839,0.43445,32,37
Herencia De Grandes,78,6,0.265388,0.277647,0,0.006263,1,1
Mda,52,8,0.192059,0.203949,0,0.002273,1,1
Knak,52,7,0.267176,0.284168,19.59263,0.014266,5,6
Demi Lovato,79,6,0.254709,0.266863,0,0.003988,1,1
Adal,37,6,0.26527,0.279678,0,0.00752,1,1
Eddy Lover,67,6,0.276616,0.293459,0,0.016562,1,1
Xiyo,64,6,0.281991,0.296499,0,0.016991,3,3
Midel,50,7,0.260223,0.277361,0,0.011814,3,4
Alex Favela,60,7,0.205704,0.214538,0,0.001621,1,1
Yaisel LM,51,6,0.286264,0.30958,43.168709,0.042189,4,4
Plan de Escape,45,7,0.207029,0.214268,0,0.000907,1,1
Lisan Beat,46,6,0.259712,0.272325,0,0.006534,3,3
Kevin AMF,70,5,0.280132,0.297073,6099.213082,0.014946,6,7
Robot95,60,6,0.275017,0.288515,0,0.008402,1,1
Saga WhiteBlack,36,6,0.296832,0.31549,0,0.024826,2,2
Alexis,41,6,0.296241,0.313431,0,0.028725,1,1
Daniel Vazquez,37,7,0.205704,0.214538,0,0.001621,1,1
Tito Flow,43,6,0.283198,0.305392,0,0.032093,4,4
KEVIN ROLDAN,71,6,0.276616,0.293459,0,0.016562,1,1
Donaty,58,5,0.291595,0.306106,0,0.015253,2,2
Nesty La Mente Maestra,39,6,0.298096,0.316162,0,0.043342,2,2
Clutchill,41,7,0.230754,0.24519,568.710724,0.004891,4,5
Junkie Kid,56,6,0.301113,0.317255,0,0.028682,2,2
Juanillo Diaz,26,6,0.282392,0.298669,0,0.014375,2,2
Theodora,77,6,0.220697,0.227801,0,0.001185,1,1
Panter Bélico,70,6,0.276359,0.292689,0,0.013783,2,2
Esau Ortiz,65,5,0.288136,0.305658,158.977855,0.02406,8,13
Laura Pausini,75,6,0.279212,0.297661,0,0.021101,1,1
Messiah,61,6,0.298395,0.313754,0,0.024629,1,1
Justin Morales,51,6,0.275145,0.289356,0,0.010185,3,3
Kizz Daniel,70,6,0.284553,0.300672,0,0.014911,1,1
Carlos Torres,19,6,0.275017,0.288515,0,0.008402,1,1
Chalko,29,6,0.298545,0.314594,0,0.026893,3,3
Nas,75,6,0.282258,0.300602,0,0.022987,3,3
Conep,54,5,0.306622,0.328361,0,0.053249,3,3
Austin San,51,5,0.301724,0.319132,0,0.030946,1,1
Mir Nicolas,47,6,0.287579,0.303824,0,0.016986,2,2
DaBaby,79,5,0.294336,0.30979,0,0.025464,1,1
Jay Wheeler,77,5,0.357036,0.386148,337.370925,0.36414,22,33
Yaga & Mackie,63,5,0.320409,0.347507,1255.438762,0.101458,8,8
Joyce Santana,56,6,0.33028,0.364398,671.326875,0.202109,20,21
Young Cister,74,6,0.316995,0.340238,616.643571,0.065899,10,10
Albert Hype,27,7,0.263216,0.28124,0,0.013451,5,5
CARABIN3,67,5,0.301954,0.319258,0,0.041979,6,6
Quavo,79,5,0.337684,0.36514,238.288456,0.141037,9,9
Grupo Diez 4tro,50,5,0.271565,0.28395,0,0.007998,1,1
Omega,65,6,0.301571,0.324832,306.391866,0.041126,7,7
Nito Mestre,34,6,0.259599,0.271485,0,0.005316,1,1
Rafa Pabön,66,6,0.278428,0.294314,0,0.018767,2,2
Bhavi,68,6,0.324959,0.351737,242.507654,0.088502,13,21
Danny Towers,52,6,0.296758,0.31381,0,0.028475,2,2
Eddy Goyen,18,8,0.179949,0.189264,0,0.002549,4,4
Mexicano,35,6,0.284485,0.306092,0,0.030937,2,2
Leo Rizzi,62,8,0.192059,0.203949,0,0.002273,1,1
SAINt JHN,67,6,0.301724,0.322045,0,0.046147,2,4
LUDMILLA,75,6,0.306464,0.324342,94.362924,0.030502,3,3
Robbie Meza,11,7,0.262925,0.279854,0,0.01111,2,2
Ed Sheeran,91,6,0.284553,0.301106,118.783722,0.022777,4,5
Leandro Ríos,56,1,1,1,0,0.000346,1,1
Speedy,31,6,0.282124,0.299762,0,0.020352,1,1
Fend,46,7,0.205704,0.214538,0,0.001621,1,1
Ed Maverick,38,6,0.263333,0.276513,0,0.005973,1,1
lil joujou,39,6,0.299296,0.318067,0,0.061242,4,4
Dan Sanchez,63,6,0.283266,0.301401,118.361872,0.017955,7,9
Soge Culebra,59,6,0.283468,0.302255,0,0.032731,3,4
Alonso Ortiz,48,7,0.205704,0.214538,0,0.001621,1,1
Victor Garcia,57,6,0.239292,0.248011,0,0.002008,1,1
Sintapia,49,6,0.267416,0.280392,0,0.009008,3,3
Dua Lipa,88,6,0.305363,0.32458,0,0.05461,3,3
Kris Floyd,54,6,0.295139,0.315686,167.111227,0.038902,8,8
Nueva Era,37,6,0.275017,0.288515,0,0.008402,1,2
Lito Kirino,57,6,0.283942,0.303894,0,0.047634,6,6
Chuy Cuadras,23,5,0.283739,0.296092,0,0.009855,1,1
El Alfa,79,4,0.38141,0.410154,10304.59311,0.222346,20,28
LOUKI,59,6,0.272561,0.285084,0,0.00975,2,3
Fernandezz,63,6,0.281991,0.296499,0,0.016991,3,3
Neutro Shorty,64,5,0.341856,0.365868,212.349535,0.12939,7,12
Jey One,63,6,0.279212,0.297661,0,0.021101,1,1
Jory Boy,73,5,0.328911,0.357101,1084.233568,0.119756,10,11
Tay Keith,58,6,0.266936,0.284972,0,0.017463,2,2
Randy Nota Loca,72,5,0.359191,0.392535,557.730624,0.294945,18,24
Pitbull,86,6,0.305598,0.328417,44.050051,0.06294,3,3
Neton Vega,87,5,0.318522,0.341611,165.599315,0.061267,10,20
La K'onga,68,6,0.278102,0.291289,0,0.010303,1,1
Mackie,59,6,0.282862,0.303922,0,0.023929,1,2
Compa Steve,30,6,0.263333,0.276513,0,0.005973,1,1
Hydro,57,6,0.30427,0.326415,99.725096,0.0761,8,8
Genio,38,5,0.313076,0.337003,36.643514,0.088991,7,7
YSY A,74,6,0.323898,0.349706,374.423682,0.077759,11,13
Maluma,86,5,0.374567,0.409678,5493.544494,0.40369,30,47
Alex Rose,71,5,0.319635,0.345574,2092.572679,0.113299,13,13
La Pantera,73,6,0.273941,0.288347,0,0.013863,1,1
Blacky Drippy,39,6,0.265092,0.282843,0,0.015906,2,2
DFZM,71,5,0.32337,0.345364,11.36236,0.119508,8,15
Bad Gyal,74,6,0.31912,0.345504,231.761076,0.085024,7,8
SAIKO,74,5,0.342742,0.372913,822.818863,0.196256,15,22
Andre TG,41,6,0.296315,0.312759,0,0.025744,1,1
Los Ángeles Azules,78,5,0.303494,0.321947,78.330614,0.033686,4,4
MC Kevin o Chris,70,6,0.289467,0.307311,0,0.030263,3,3
Yomo,61,5,0.325137,0.355,432.202183,0.137806,13,13
Enigma Norteño,70,6,0.265329,0.280098,0,0.009127,2,2
Jay Menez,46,6,0.318608,0.341709,0,0.087878,4,4
Marca MP,67,5,0.302184,0.319188,0,0.022909,2,2
Headie One,64,6,0.287509,0.303403,0,0.016047,1,1
GIMS,83,6,0.286126,0.304426,0,0.02539,3,3
dayvan,42,7,0.213606,0.226437,17.380952,0.004544,4,5
Pipe Bueno,61,6,0.254763,0.267283,0,0.004515,2,2
Adriel Favela,63,6,0.26616,0.279888,0,0.010818,3,4
Nando Boom,49,6,0.283266,0.29965,0,0.023585,1,1
Greeicy,70,6,0.276616,0.293459,0,0.016562,1,1
Stars Music Chile,55,6,0.306622,0.326863,139.813067,0.036483,5,6
Arcane,79,6,0.266219,0.28493,0,0.017681,4,4
Clúster,54,6,0.287509,0.303403,0,0.016047,1,1
ELENA ROSE,74,6,0.322493,0.345826,190.082106,0.087373,5,5
Kodak Black,82,5,0.306464,0.327801,0,0.049393,2,2
BIBI,67,6,0.284553,0.300672,0,0.014911,1,1
Manuel Turizo,83,5,0.361812,0.391541,1730.227176,0.221407,12,14
Luis Fonsi,76,6,0.300809,0.321625,0,0.049077,2,2
Ivonne Galaz,36,6,0.275145,0.289076,1189,0.008757,2,2
Officialalex425,58,6,0.262288,0.274538,0,0.005848,1,1
Young Flow,37,5,0.302261,0.320952,0,0.03847,4,4
GeezyDee,70,5,0.301954,0.319258,0,0.041979,6,6
Nesi,44,6,0.30505,0.328754,53.539634,0.063005,5,5
Polimá Westcoast,63,5,0.341463,0.366022,1022.594512,0.103164,10,17
Yeruza,51,5,0.332867,0.360322,338.531712,0.149888,10,15
Bomba Estéreo,71,6,0.290954,0.306106,0,0.019523,1,1
Frijo,52,7,0.258527,0.270638,0,0.006611,1,1
Nicole Scherzinger,62,6,0.282124,0.299762,0,0.020352,1,1
Michie One,32,6,0.279737,0.299566,0,0.027923,3,3
TAICHU,57,6,0.285372,0.300238,3354.108059,0.013789,5,5
Zion & Lennox,79,5,0.372807,0.407787,3395.348369,0.45216,29,33
D-Sides,49,6,0.275718,0.290056,0,0.010244,3,3
DOMELIPA,42,6,0.297872,0.318193,109.820596,0.028209,2,2
Caleb Calloway,57,5,0.321101,0.346331,59.88877,0.104131,7,7
Juseph,68,6,0.273941,0.288347,0,0.013863,1,2
ZECCA,53,6,0.294409,0.314076,676.400287,0.025095,5,8
La Cuatiza,45,6,0.26527,0.279678,0,0.00752,1,1
akiraplayboi,13,8,0.19209,0.204369,0,0.002899,2,2
Ganggy,66,5,0.312582,0.329398,85.371795,0.036286,4,6
Callejero Fino,64,7,0.269841,0.290526,58.485241,0.017852,5,5
Eklectico,44,6,0.283198,0.305392,0,0.032093,4,4
Pj Sin Suela,57,6,0.297798,0.317395,10.838139,0.044667,4,4
Marc Seguí,70,7,0.267356,0.284014,0,0.010331,2,2
franwav,23,2,0.666667,0.75,0,0.000851,2,2
Silvestre Dangond,70,5,0.269597,0.281905,478.364971,0.006762,2,2
Genio La Musa,39,5,0.306385,0.324804,0,0.05845,3,3
The Rudeboyz,54,5,0.333147,0.351639,287.284339,0.069288,5,7
Lojay,63,6,0.281191,0.298641,0,0.020737,1,1
El Coyote,43,5,0.271565,0.28395,0,0.007998,1,1
Standly,67,6,0.306543,0.326443,0,0.035878,4,4
Rodrigo Films,31,6,0.265092,0.282843,0,0.016697,2,2
Clave Especial,76,5,0.280396,0.295798,0,0.015518,2,2
Dímelo Flow,69,5,0.355012,0.387871,207.513028,0.434625,27,46
Ángela Aguilar,67,6,0.284621,0.301092,0,0.015739,2,2
Sahir,55,6,0.311355,0.334244,50.81997,0.079912,6,6
Mañas Ru-Fino,61,6,0.281191,0.298641,0,0.020737,1,1
ABHIR,55,6,0.273941,0.288347,0,0.013863,1,1
MILLENNIUM PARADE,34,6,0.2947,0.315868,0,0.038524,2,4
Tory Lanez,82,5,0.310219,0.330126,17.52345,0.050529,3,3
Paloma Mami,66,6,0.299296,0.318852,0,0.027074,2,2
Burna Boy,81,6,0.286402,0.303053,103.771282,0.015893,2,2
The Martinez Brothers,50,6,0.286609,0.305714,0,0.036222,3,3
El Jordan 23,65,6,0.26223,0.274174,334.947792,0.005642,3,3
Pailita,65,6,0.299296,0.318641,1458.232898,0.032847,6,6
Nicki Minaj,86,6,0.276616,0.293459,0,0.016562,1,1
Anne-Marie,77,6,0.284621,0.301092,0,0.015739,2,2
MONSTA X,62,6,0.257242,0.268067,0,0.004375,1,1
Chuyin,73,5,0.272998,0.286471,0,0.012213,3,4
Cupido,47,6,0.281191,0.298641,0,0.020737,1,1
iZaak,70,5,0.329002,0.352563,124.978172,0.213373,16,17
Aitana,77,6,0.319206,0.339888,171.038884,0.054773,5,5
Alejo,18,6,0.296315,0.313852,0,0.030449,2,2
Xanctum,12,6,0.282191,0.300182,0,0.021638,2,2
Almighty,76,5,0.324959,0.348515,823.840072,0.07362,5,5
Trebol Clan,60,7,0.228407,0.2409,0,0.00322,2,2
Chris Lebron,63,5,0.316489,0.336891,40.133372,0.096052,7,8
Jesse & Joy,77,6,0.241379,0.250588,0,0.002128,1,1
Kapla y Miky,42,5,0.301724,0.319132,0,0.030946,1,1
Luis Alfonso Partida El Yaki,69,6,0.278167,0.300686,19526.988618,0.018014,9,12
DJ Urba,49,5,0.304972,0.323754,0,0.061384,4,4
Polo Gonzalez,54,6,0.262288,0.274538,0,0.005848,1,1
Lil Tecca,81,6,0.275017,0.288515,0,0.008402,1,1
Chocoleyrol,44,6,0.298395,0.313754,0,0.024629,1,1
Maka,63,6,0.273249,0.289678,0,0.016403,1,1
Ak4:20,60,6,0.311111,0.329412,15.410676,0.037658,4,4
Pablo Chill-E,71,6,0.346636,0.379258,2461.531802,0.185097,21,28
Ruben Figueroa,50,6,0.275017,0.288515,0,0.008402,1,1
Stray Kids,87,6,0.266219,0.28493,0,0.017681,4,4
Lalo Ebratt,63,6,0.29862,0.317297,0,0.041889,3,4
fox1,16,8,0.192059,0.203949,0,0.002273,1,1
La Joaqui,67,6,0.311518,0.333347,272.990227,0.047787,6,8
Moy Bobadilla,64,6,0.255474,0.268613,0,0.005238,3,3
Sindicato Del Ritmo,33,6,0.239292,0.248011,0,0.002008,1,1
Arca,60,5,0.322144,0.343683,0,0.102152,5,5
KEVVO,60,5,0.337397,0.361751,182.94794,0.11565,6,7
Lunay,70,5,0.340779,0.371863,359.617676,0.217317,14,17
Stiffy,56,8,0.192059,0.203949,0,0.002273,1,1
Herencia de Patrones,66,5,0.272873,0.28591,0,0.010665,2,2
Yannc,62,6,0.298545,0.314594,0,0.026893,3,3
Efecto Elegante,64,7,0.205704,0.214538,0,0.001621,1,1
Muerejoven,43,7,0.210731,0.218605,0,0.001078,1,1
Voltio,59,6,0.282862,0.303922,0,0.023929,1,1
Alejandro Fernández,78,7,0.205776,0.213611,0,0.000847,1,1
Baby Rasta,72,6,0.279212,0.297661,0,0.021101,1,1
"Gotay ""El Autentiko""",64,6,0.285783,0.308585,0,0.030646,3,3
Alejo Park,24,6,0.273312,0.290098,0,0.017253,2,2
Joel Nuñez,30,6,0.262288,0.274538,0,0.005848,1,1
Sebastian Yatra,79,6,0.293972,0.313207,56.812253,0.028674,3,3
CLUB HATS,58,6,0.287579,0.303824,0,0.016934,2,2
Victor Cibrian,63,6,0.265388,0.277647,0,0.006263,1,1
Emotional Oranges,59,6,0.286333,0.302983,0,0.017071,2,2
LATENIGHTJIGGY,36,6,0.279146,0.29556,0,0.022493,2,2
Yan Block,83,5,0.350309,0.384412,1488.727805,0.278563,23,24
Hernan Sepulveda,59,6,0.255474,0.268613,0,0.005238,3,3
Lyanno,73,6,0.326923,0.356106,725.853703,0.155013,12,16
Julián Mercado,55,6,0.26527,0.279678,0,0.00752,1,1
El Padrinito Toys,64,6,0.266398,0.282283,1153.664679,0.008776,4,4
Marciano Cantero,62,6,0.29862,0.315126,0,0.037187,2,2
Gilberto Santa Rosa,71,6,0.296241,0.313431,0,0.028725,1,1
Ryan Castro,81,5,0.378619,0.41486,9302.92886,0.443635,34,46
ONIRIA,59,6,0.287648,0.304244,0,0.020018,3,3
LOUTA,51,6,0.281723,0.29465,0,0.011118,1,1
Ke Personajes,75,6,0.2735,0.286176,0,0.008045,1,1
Grupo Codiciado,61,5,0.284145,0.301751,1046.841031,0.016701,7,10
Drake,98,6,0.291025,0.306527,0,0.020456,2,3
Slayter,69,6,0.30853,0.334272,467.618718,0.063453,10,11
May-Be,27,6,0.282124,0.299762,0,0.020352,1,1
Pabblo,42,6,0.265506,0.278207,0,0.007812,2,2
Hector Rubio,51,5,0.283739,0.296092,0,0.009855,1,1
Skrillex,77,6,0.294773,0.316289,0,0.040039,3,3
Trueno,77,6,0.318097,0.341457,539.191542,0.071336,6,7
Abraham Vazquez,60,7,0.205704,0.214538,0,0.001621,1,1
Alejandro Sanz,81,5,0.288695,0.303095,115.67598,0.012679,2,2
Doja Cat,88,6,0.278102,0.297185,0,0.022957,2,2
JC Karo,23,6,0.282862,0.303922,0,0.023929,1,1
DENNIS,70,6,0.300202,0.319118,285.494455,0.035454,5,5
Juicy J,76,6,0.287579,0.303824,0,0.016934,2,2
Ana Mena,69,7,0.267116,0.285764,0,0.013413,2,2
Armenta,68,5,0.29862,0.32014,103.151135,0.044134,9,14
Mex Urtizberea,52,6,0.259769,0.272745,0.333333,0.0072,4,4
ATL Jacob,68,6,0.281191,0.298641,0,0.020737,1,1
Mechi Pieretti,31,6,0.276809,0.293333,0,0.018328,2,2
Lali,67,6,0.273249,0.289678,0,0.016403,1,1
Clarent,74,6,0.317418,0.34507,290.538634,0.118601,10,10
El High,48,6,0.273689,0.289286,0,0.011327,2,2
Major Lazer,75,5,0.271627,0.28437,0,0.008644,2,2
Giovanny Ayala,55,7,0.205704,0.214538,0,0.001621,1,1
Gael Valenzuela,51,6,0.263333,0.276513,0,0.005973,1,1
ELYSANIJ,39,5,0.301877,0.319692,0,0.033884,2,2
Bigla The Kid,59,6,0.274763,0.289678,0,0.014979,2,2
David Guetta,89,5,0.303494,0.322843,0,0.04741,2,2
Régulo Caro,59,8,0.179867,0.188003,0,0.001011,1,1
Choclock,47,6,0.279868,0.295742,0,0.019502,2,3
Chucky73,51,5,0.324782,0.350448,387.798381,0.114245,13,13
Pacho El Antifeka,51,6,0.29892,0.317997,0,0.039875,2,2
Full Harmony,26,6,0.298545,0.314594,0,0.026893,3,3
Alan Gomez,61,6,0.303262,0.32514,480.597635,0.051001,8,8
Divino,50,6,0.282124,0.299762,0,0.020352,1,1
Dei V,81,5,0.368764,0.408599,1945.617883,0.471526,33,50
La Duraca,34,6,0.288625,0.304972,0,0.030513,3,3
Lautaro Lopez,39,7,0.260166,0.276941,0,0.009511,2,2
SowlBeatz,48,6,0.266577,0.278978,0,0.008594,2,2
Baby Johnny,46,5,0.301801,0.319552,0,0.03392,2,2
Sevdaliza,70,6,0.276616,0.293459,0,0.016562,1,1
Nach,59,6,0.296315,0.312759,0,0.025744,1,1
Alejo,61,6,0.292455,0.313627,37.73249,0.034281,4,4
RobGz,49,5,0.309332,0.326695,4.048368,0.038279,3,3
Taiu,68,6,0.259599,0.271485,0,0.005316,1,1
Manu Chao,72,6,0.276616,0.293459,0,0.016562,1,1
Lionize,9,1,1,1,0,0.000346,1,1
Montana the Producer,47,6,0.282862,0.303922,0,0.023929,1,1
Maikel Delacalle,60,6,0.273941,0.288347,0,0.013863,1,1
El Arma Secreta,13,6,0.285577,0.302759,0,0.021937,2,2
El Chachito,53,6,0.273626,0.289104,0,0.01182,2,2
Armenta,25,6,0.265447,0.278067,0,0.007322,2,2
Tobi,48,6,0.296832,0.31549,0,0.024826,2,2
Mister Chivo,52,6,0.2735,0.286176,0,0.008045,1,1
Ludacris,79,6,0.27668,0.29388,0,0.017417,2,2
Trillfox,32,8,0.192183,0.205629,3,0.004575,5,6
Leonardo Aguilar,58,6,0.284621,0.301092,0,0.015739,2,2
El Baby R,47,6,0.257075,0.267059,0,0.005612,3,3
Reik,78,5,0.322144,0.341359,598.224972,0.044632,5,6
Chuwi,67,6,0.290954,0.306106,0,0.019523,1,1
Piso 21,75,6,0.305991,0.328361,531.251778,0.038041,4,4
iann dior,69,7,0.263216,0.28124,0,0.013451,5,5
Garena Free Fire,53,6,0.259599,0.271485,0,0.005316,1,1
T3R Elemento,71,6,0.250685,0.259986,0,0.003219,1,1
Ery,23,6,0.297649,0.316443,2.289322,0.03619,4,4
Izzay,20,6,0.273312,0.290098,0,0.017253,2,2
Rels B,83,5,0.342742,0.363739,971.328709,0.089245,7,7
DJ Luian,77,5,0.351447,0.387773,924.033068,0.372999,30,43
Mozart La Para,56,5,0.317249,0.341261,57.18775,0.107949,7,8
Cerounno,56,6,0.259599,0.271485,0,0.005316,1,1
MYA,59,7,0.248486,0.260722,0,0.004634,1,1
J Castle,51,6,0.287996,0.310238,0,0.035616,3,3
INDICA MIKI,39,6,0.259599,0.271485,0,0.005316,1,1
Jone Quest,60,6,0.296094,0.316218,0,0.034224,2,2
Kate Linn,57,6,0.265447,0.278067,0,0.006848,2,2
Pancho Barraza,69,6,0.259712,0.274832,0,0.008985,6,8
Marco Antonio Solís,79,6,0.276616,0.293459,0,0.016562,1,1
FloyyMenor,77,5,0.320151,0.339622,762.479012,0.044734,6,7
LiL CaKe,51,6,0.287231,0.306737,0,0.038378,4,4
Polaco,40,6,0.282862,0.303922,0,0.023929,1,2
Jenay,32,6,0.282862,0.303922,0,0.023929,1,1
Los Buitres De Culiacan Sinaloa,62,6,0.254709,0.266863,0,0.003988,1,1
Miky Woodz,70,5,0.335306,0.360252,98.813833,0.158658,10,10
ICON,61,6,0.281191,0.298641,0,0.020737,1,1
Alexio,59,5,0.319635,0.348697,75.940926,0.148898,14,15
Blagh,42,7,0.26028,0.277781,0,0.012651,4,4
Smokepurpp,54,6,0.296315,0.312759,0,0.025744,1,1
Carolina Ross,59,6,0.254709,0.266863,0,0.003988,1,1
Alexis y Zion,26,6,0.282862,0.303922,0,0.023929,1,1
Sael,54,6,0.296315,0.314664,119.182237,0.02537,2,2
Ivan Orozco,46,6,0.262288,0.274538,0,0.005848,1,1
Nile Rodgers,72,6,0.291595,0.313978,0,0.041453,2,2
NATHY PELUSO,68,6,0.322931,0.344216,353.723948,0.058734,6,9
Maisak,66,6,0.281191,0.298641,0,0.020737,1,1
Thalia,71,6,0.297277,0.316064,852.028969,0.02172,4,4
Neo Pistea,65,6,0.319463,0.346162,4144.502186,0.07548,17,21
Silvio Rodríguez,67,6,0.259599,0.271485,0,0.005316,1,1
kryptogram,48,6,0.298995,0.31909,0,0.031474,2,4
Jota Rosa,32,6,0.266338,0.28521,0,0.018427,4,4
Rsiete,18,6,0.282862,0.303922,0,0.023929,1,1
Yahritza Y Su Esencia,76,5,0.31324,0.331849,1034.785031,0.0304,4,5
Dalex,75,5,0.376463,0.4143,1397.734121,0.576693,39,63
Raúl Beltran,71,6,0.265329,0.280098,0,0.009242,2,2
Carlos Rivera,72,6,0.241379,0.250588,0,0.002128,1,1
F1 The Album,76,6,0.298395,0.313754,0,0.024629,1,1
Tony Tone,12,6,0.282929,0.304342,0,0.025025,2,3
Alizzz,53,6,0.281191,0.298641,0,0.020737,1,1
Otro,30,8,0.192059,0.203949,0,0.002273,1,1
Simone & Simaria,63,6,0.276616,0.293459,0,0.016562,1,1
Dowba Montana,54,5,0.314732,0.33486,47.74866,0.062409,5,5
Notty,12,6,0.282258,0.300602,0,0.022987,3,3
Sick Luke,62,6,0.287579,0.303824,0,0.016934,2,2
risko,45,7,0.269475,0.288103,0,0.016819,4,4
Snow Tha Product,62,5,0.326027,0.342801,431.539172,0.046913,8,12
Omar Camacho,78,6,0.262346,0.274958,0,0.006421,2,2
Fergie,71,6,0.282124,0.299762,0,0.020352,1,1
Carlos Sarabia,42,8,0.179949,0.189264,0,0.002549,4,5
Grupo Marca Registrada,78,5,0.302722,0.324482,968.141089,0.037879,7,8
NEGRO DUB,49,6,0.287509,0.303403,0,0.016047,1,1
Marca MP,40,6,0.263333,0.276513,0,0.005973,1,1
Los Ballers,45,6,0.282526,0.301933,0,0.024967,2,2
Kevinsito,31,6,0.282862,0.303922,0,0.023929,1,1
Ayra Starr,76,6,0.287301,0.306625,166.554021,0.025949,4,4
Gino Mella,61,6,0.299899,0.318683,0,0.047913,4,4
Los Nuevos Rebeldes,64,6,0.254709,0.266863,0,0.003988,1,1
Victor Mendivil,86,5,0.332309,0.353207,1573.822954,0.062693,11,17
Nyno,5,6,0.283064,0.304902,0,0.028535,3,3
YUNG PRADO,37,6,0.279212,0.297661,0,0.021101,1,1
French Montana,76,6,0.310057,0.335434,150.736956,0.068601,4,4
DommoBeats,35,6,0.259712,0.272325,0,0.006534,3,3
Grupo Arriesgado,69,6,0.26527,0.279678,0,0.00752,1,1
Grupo Clasificado,66,6,0.254709,0.266863,0,0.003988,1,1
Dharius,67,6,0.279408,0.294608,1088.876117,0.011034,4,4
Alan Aramburo,26,7,0.207137,0.215528,0,0.002527,4,4
Shigant-G,26,6,0.287579,0.303824,0,0.016934,2,2
Joaqo,23,7,0.258527,0.270638,0,0.006611,1,1
Los Nuevos Ilegales,55,6,0.26527,0.279678,0,0.00752,1,1
Meluchis,19,6,0.282862,0.303922,0,0.023929,1,1
Eddy,55,6,0.265388,0.277647,0,0.006263,1,1
Grupo Efectivo,7,6,0.26527,0.279678,0,0.00752,1,1
Yami Safdie,70,6,0.265625,0.281218,121.644742,0.010517,3,4
Macario Martínez,55,6,0.250685,0.259986,0,0.003219,1,1
Paul Married,23,8,0.192059,0.203949,0,0.002273,1,1
Kybba,69,6,0.294919,0.311989,0,0.037061,2,2
"Luis Angel ""El Flaco""",65,6,0.264739,0.282437,438.620404,0.012311,9,9
BIA,69,6,0.266041,0.283669,0,0.014909,1,1
Totoy El Frio,56,6,0.291738,0.311583,0,0.052033,5,5
Nueva Era,37,6,0.282392,0.298669,0,0.014375,2,2
Rene,30,6,0.275017,0.288515,0,0.008402,1,1
Maykol theyver,1,6,0.231924,0.239944,0,0.001242,1,1
Rvssian,73,6,0.28989,0.314608,76.113635,0.05828,6,7
Lismar,44,6,0.281723,0.29465,0,0.011118,1,1
Trevor Daniel,62,6,0.298022,0.318039,0,0.032334,2,2
Estrada,5,6,0.282862,0.303922,0,0.023929,1,1
Juanito Lugo,3,8,0.179867,0.188003,0,0.001011,1,1
Wiz Khalifa,83,5,0.322406,0.341485,0,0.046993,2,2
Rafael Amaya,32,6,0.253084,0.26416,0,0.005209,2,2
Pancho Uresti,45,8,0.179867,0.188003,0,0.001011,1,1
Alex Rivera,12,6,0.282526,0.301162,0,0.033096,3,3
El Micha,53,6,0.282862,0.303922,0,0.023929,1,1
Estevan Plazola,68,5,0.283739,0.296092,0,0.009855,1,1
Huan62,65,5,0.301801,0.319552,0,0.032919,2,2
Akim 88,43,6,0.259655,0.271905,0,0.005877,2,2
Andrea Bocelli,74,6,0.276616,0.293459,0,0.016562,1,1
Sam Feldt,67,6,0.286609,0.303193,0,0.01659,2,2
L-Gante,64,6,0.314898,0.333683,244.901914,0.042788,5,5
Lenny Tavárez,78,5,0.367624,0.404356,3276.627172,0.509149,37,58
Alexis y Fido,68,6,0.279212,0.297661,0,0.021101,1,1
Tapy Quintero,48,6,0.261194,0.27591,97.14788,0.006631,3,3
Memo Garza,54,6,0.273689,0.291513,0,0.011507,2,2
Flagrant Drvms,19,6,0.284553,0.300672,0,0.014911,1,1
Tony Dize,73,6,0.310949,0.335924,0,0.072177,3,3
K4,31,7,0.210731,0.218605,0,0.001078,1,1
Lito MC Cassidy,34,6,0.290456,0.313515,0,0.042298,2,2
Recycled J,62,7,0.260166,0.276941,0,0.00946,2,3
Jodosky,18,6,0.294627,0.310882,0,0.027717,2,2
El BAI,61,6,0.266577,0.278978,0,0.008594,2,2
Fuego,61,7,0.260166,0.276941,0,0.00946,2,3
Dalmata,64,6,0.292025,0.314342,0,0.04513,3,3
Nobeat,37,7,0.275017,0.294266,0,0.018883,5,5
DJ Khaled,75,6,0.283333,0.30007,0,0.030419,2,2
Delaossa,67,6,0.295139,0.312395,62.436769,0.024953,3,4
Bratty,59,8,0.192059,0.203949,0,0.002273,1,1
Tunvao,42,6,0.311111,0.332213,0,0.076539,7,7
Toni Anzis,61,6,0.296389,0.313179,0,0.027377,2,2
Rochy RD,62,5,0.294336,0.30979,0,0.025464,1,1
Choforo,14,5,0.283739,0.296092,0,0.009855,1,1
El Kombo Colobia,19,8,0.179867,0.188003,0,0.001011,1,1
Julio Voltio,51,6,0.282124,0.299762,0,0.020352,1,1
Franco,23,6,0.282862,0.303922,0,0.023929,1,1
Nivel C,51,6,0.26527,0.279678,0,0.00752,1,1
Kelo Ke,44,6,0.259712,0.272325,0,0.006534,3,3
Rich Music LTD,64,6,0.312911,0.338291,10.518996,0.177862,11,11
Hozwal,50,6,0.289186,0.310056,36.351744,0.034784,4,4
Kull Kid,8,2,0.571429,0.625,0,0.000461,1,1
Andy Montañez,57,6,0.282124,0.299762,0,0.020352,1,1
Chencho Corleone,78,5,0.35124,0.382381,662.223622,0.26352,18,22
Gera MX,77,5,0.275782,0.288543,0,0.009689,3,3
vf7,41,6,0.266041,0.283669,0,0.014909,1,1
Gotay y Jory,22,6,0.285509,0.307017,0,0.028444,2,2
Yay,50,6,0.275081,0.288936,0,0.009472,2,2
Banda la 10 de Ivan Romero,30,8,0.179949,0.189264,0,0.002549,4,4
Hatsune Miku,71,7,0.210731,0.218605,0,0.001078,1,1
Club16,32,6,0.266338,0.28521,0,0.018427,4,4
Ambik,27,8,0.192059,0.203949,0,0.002273,1,1
El Rubio Acordeón,43,6,0.278037,0.296765,0,0.021946,1,1
Jakka,7,6,0.278167,0.297605,0,0.024445,3,3
Juanpa Salazar,60,5,0.272873,0.28591,0,0.010665,2,2
Lil Naay,66,5,0.314233,0.333459,21.680507,0.056859,3,3
Black Coffee,66,1,1,1,0,0.000346,1,1
Miranda León,59,7,0.205704,0.214538,0,0.001621,1,1
Blxst,67,6,0.281191,0.298641,0,0.020737,1,1
Tommy Viera,26,6,0.282124,0.299762,0,0.020352,1,1
Fetti031,44,6,0.295285,0.314286,0,0.053793,7,7
ambeats,39,8,0.192059,0.203949,0,0.002273,1,1
Jim Jones,54,5,0.302261,0.320952,0,0.03847,4,4
Amaia,59,8,0.192059,0.203949,0,0.002273,1,1
El General Gadiel,41,6,0.297203,0.315812,0.166667,0.046665,3,3
Kidd Keo,69,6,0.287579,0.303824,0,0.016934,2,2
Aldo Ranks,50,6,0.276616,0.293459,0,0.016562,1,1
Remmy Valenzuela,71,6,0.265388,0.277647,0,0.006263,1,1
Munic HB,49,6,0.259599,0.271485,0,0.005316,1,1
Bebe Rexha,78,6,0.278363,0.298866,2,0.027538,6,6
JXHN P,12,8,0.192121,0.204789,0.5,0.00359,3,3
Deorro,66,6,0.239292,0.248011,0,0.002008,1,1
Mercedes Sosa,62,6,0.259599,0.271485,0,0.005316,1,1
Aleesha,46,6,0.284553,0.3,86.680104,0.016568,4,4
Tyga,80,6,0.272561,0.286485,65.425584,0.009061,3,3
evilgiane,44,8,0.192059,0.203949,0,0.002273,1,1
Princess Nokia,61,7,0.248486,0.260722,0,0.004634,1,1
NTG,67,6,0.321188,0.35007,250.007339,0.122367,10,11
SyKo,57,8,0.192059,0.203949,0,0.002273,1,1
Lazza,73,6,0.287579,0.303824,0,0.016934,2,2
Kany García,74,6,0.289045,0.309216,0,0.032332,2,2
Jonathan Caro,56,5,0.277131,0.293207,45.101109,0.019057,5,5
BM,66,7,0.264915,0.282193,0,0.01181,3,3
Tobal Mj,66,6,0.266577,0.278978,0,0.008594,2,2
Ankhal,56,6,0.323898,0.358207,360.173293,0.190487,15,21
Sia,89,6,0.278102,0.297185,0,0.022957,2,2
King Savagge,65,6,0.313819,0.338137,529.35022,0.065051,8,8
Pekeño 77,47,6,0.287787,0.304804,0,0.01978,4,4
Dano,51,6,0.287648,0.304244,0.5,0.017826,3,3
Wisin & Yandel,83,5,0.347242,0.384412,2535.809744,0.286464,26,31
Sean Paul,84,6,0.30845,0.333193,51.627596,0.077521,6,6
Sinfonico,59,6,0.286195,0.308613,0.858333,0.029955,3,3
Kali Uchis,85,6,0.319463,0.342255,333.619094,0.065274,5,6
Mattei,54,5,0.304972,0.323754,0,0.061384,4,4
Jotaerre,39,6,0.279934,0.297871,0,0.019812,3,3
Saso,44,6,0.279212,0.297661,0,0.021101,1,1
Tomas Ballardo,50,5,0.271565,0.28395,0,0.007998,1,1
Akon,84,6,0.290456,0.313515,0,0.042298,2,2
Nelly Nelz,34,6,0.265092,0.282843,0,0.015906,2,2
Elian Bless,27,5,0.305285,0.324034,0,0.068454,3,3
Tyan G,48,6,0.282392,0.298669,0,0.014375,2,2
WEST DUBAI,49,6,0.287509,0.303403,0,0.016047,1,1
"Héctor ""El Father""",74,5,0.314565,0.340154,84.761139,0.116165,11,14
Luno,41,6,0.224486,0.235154,0,0.00262,2,2
Noan El Abusador,11,6,0.282929,0.304342,0,0.025025,2,2
Neneto,41,6,0.278493,0.294734,0,0.019705,3,3
Ken-Y,68,5,0.301801,0.319552,0,0.034046,2,2
AFTER,47,6,0.259655,0.271905,0,0.005877,2,2
Go Get Music,32,6,0.26978,0.288992,0,0.01914,3,3
ABRA,56,6,0.290954,0.306106,0,0.019523,1,1
ECKO,62,6,0.317164,0.342871,121.531255,0.113626,12,14
Los Gemelos De Sinaloa,67,6,0.262288,0.274538,0,0.005848,1,1
Asan,59,6,0.310949,0.332199,33.061275,0.047208,7,8
Compa Steve,33,6,0.263333,0.276513,0,0.005973,1,2
Kiko el Crazy,48,5,0.307414,0.327395,0,0.058229,4,4
Marc Anthony,79,6,0.291025,0.306527,0,0.020456,2,2
TELYKAST,56,6,0.282191,0.300182,0,0.021638,2,2
Sofía Reyes,64,6,0.284553,0.300672,0,0.014911,1,1
Código FN,69,6,0.278493,0.298431,176.300632,0.027111,7,7
Natan & Shander,52,6,0.291738,0.311583,0,0.052033,5,5
Dani Flow,65,6,0.254763,0.267283,0,0.004515,2,2
The Academy: Segunda Misión,57,5,0.342348,0.370896,69.369006,0.330246,21,33
Lil Durk,81,5,0.294336,0.30979,0,0.025464,1,1
XROSS,72,6,0.275527,0.288263,0,0.013233,2,2
Wido,10,8,0.192059,0.203949,0,0.002273,1,1
El Rabbanito,55,6,0.26527,0.279678,0,0.00752,1,1
Luis Carrillo,64,6,0.262346,0.274958,0,0.006421,2,2
Christina Aguilera,79,6,0.306701,0.323585,0,0.027415,3,6
Luisa,38,7,0.260223,0.277361,0.5,0.010272,3,3
League of Legends,78,6,0.266219,0.28493,0,0.017681,4,4
Carzé,49,7,0.213798,0.228537,711.096759,0.007343,9,12
Brandon Reyes y Elvin,49,6,0.262404,0.275098,0,0.007243,2,2
Lua de Santana,39,6,0.287579,0.303824,0,0.016986,2,2
Alfredo Montaño,41,7,0.207137,0.215528,0,0.002527,4,5
Soto Asa,54,8,0.19209,0.204369,0,0.002852,2,2
SleazyWorld Go,59,6,0.265033,0.282423,0,0.015089,1,1
Rodel G,18,7,0.205704,0.214538,0,0.001621,1,1
Yailin la Mas Viral,67,5,0.309011,0.325756,15.930437,0.054927,4,4
Benji Blue Bills,55,6,0.287579,0.303824,0,0.016934,2,2
Angel Tumbado,54,5,0.271565,0.28395,0,0.007998,1,1
william,54,6,0.282124,0.299762,0,0.020352,1,1
Vakero,43,5,0.302722,0.320602,0,0.042223,2,2
Nueva H,60,6,0.280594,0.296793,0,0.01425,2,3
Wisin,78,5,0.376106,0.414202,5401.635246,0.452611,31,40
Joan Sebastian,80,6,0.267837,0.282059,0,0.008272,2,2
Jon Z,73,6,0.331846,0.362647,158.966346,0.161929,13,17
Dread Mar I,72,6,0.292671,0.307633,0,0.021422,2,4
aespa,79,1,1,1,0,0.000346,1,1
MHD,65,6,0.281723,0.29465,0,0.011118,1,1
Shenseea,71,6,0.279212,0.297661,0,0.021101,1,1
JADED,49,6,0.278167,0.297605,0,0.024445,3,3
Omar Montes,66,6,0.330923,0.354398,6725.584442,0.116084,12,12
Oscar Ortiz,60,6,0.289256,0.307633,6431.562713,0.016533,2,2
Sheeno,40,7,0.205704,0.214538,0,0.001621,1,1
YG,73,6,0.310543,0.329748,0,0.041791,2,4
C. Tangana,74,6,0.338068,0.367913,1167.067502,0.1693,15,15
Dynasty,35,7,0.228407,0.2409,0,0.00322,2,2
Lary Over,67,6,0.279212,0.297661,0,0.021101,1,1
Tito Torbellino Jr,59,5,0.29661,0.315014,0,0.02392,3,3
Don Omar,85,5,0.334364,0.362283,175.297071,0.188339,14,17
Miss Bolivia,36,6,0.273249,0.289678,0,0.016403,1,1
Judeline,68,6,0.30877,0.327983,195.507877,0.035094,3,3
Sebastian Esquivel,61,6,0.270455,0.288109,985.463116,0.01222,5,7
Ice Cube,74,6,0.241379,0.250588,0,0.002128,1,1
Louchie Lou,31,6,0.279737,0.299566,0,0.027923,3,3
CNG,43,5,0.297351,0.31119,0,0.01912,4,8
Guaynaa,64,6,0.296315,0.314034,103.849191,0.023492,3,3
JhonnyX,24,6,0.275017,0.288515,0,0.008402,1,1
Soyneel,44,6,0.298171,0.317003,0,0.045984,4,4
Danny Ocean,81,5,0.315901,0.33958,14.910558,0.094041,4,5
Ape Drums,55,6,0.286609,0.303193,0,0.01659,2,2
Las Villa,45,6,0.281257,0.297577,0,0.017423,1,1
Cosculluela,76,5,0.342939,0.375168,539.445069,0.228063,14,18
Key-Key,57,6,0.278037,0.296765,0,0.021946,1,1
Jennifer Lopez,76,5,0.30893,0.326317,0,0.044987,2,2
Kaleb Di Masi,56,6,0.293537,0.311695,0,0.040831,5,5
Juhn,73,6,0.335495,0.3593,2650.342858,0.094758,11,11
Banda La Costeña,58,8,0.179949,0.189264,0,0.002549,4,4
Baby Rasta y Gringo,66,5,0.324693,0.352717,4.180594,0.147989,8,8
LEÏTI,48,8,0.19209,0.204369,0,0.002756,2,4
J Balvin,89,5,0.389271,0.43409,8879.997508,0.584115,47,74
Young Martino,58,6,0.321622,0.350154,61.767364,0.149966,12,13
JM,1,6,0.282996,0.304762,0,0.026245,3,3
rusowsky,71,6,0.220697,0.227801,0,0.001185,1,1
Sfera Ebbasta,78,6,0.322931,0.345714,613.655563,0.065947,5,5
Diplo,79,6,0.290954,0.306106,0,0.019523,1,1
JKing,38,5,0.301724,0.319132,0,0.030946,1,1
OHGEESY,70,6,0.263333,0.276513,0,0.005973,1,1
R.K.M & Ken-Y,69,6,0.278037,0.296765,0,0.021946,1,1
Xantos,49,6,0.281257,0.297577,0,0.017423,1,1
Chuy Montana,60,5,0.271565,0.28395,0,0.007998,1,2
Bles,33,6,0.289186,0.305644,0,0.01855,2,2
Alcalde La Sonora,56,8,0.179867,0.188003,0,0.001011,1,2
Tino JJ,32,6,0.257075,0.267059,0,0.005612,3,3
Miguel Bosé,72,6,0.279212,0.297661,0,0.021101,1,1
Micro TDH,70,6,0.289256,0.305994,0,0.022435,3,3
Jorsshh,72,5,0.28737,0.307423,149.075463,0.031696,7,10
Yera,53,6,0.254763,0.267283,0,0.004515,2,2
Oliva,34,6,0.279212,0.297661,0,0.021101,1,1
SHB,42,6,0.297947,0.31493,0,0.028348,2,2
Shiva,77,6,0.265152,0.283263,0,0.017425,3,3
Alvaro Diaz,77,6,0.32567,0.355168,250.492507,0.142619,11,15
Chita,43,6,0.307097,0.325672,24.225686,0.042426,3,3
Juicy BAE,53,6,0.281524,0.294706,0,0.012113,3,3
Capoxxo,38,7,0.210731,0.218605,0,0.001078,1,1
Kris R.,79,5,0.328004,0.351218,428.857456,0.120143,12,12
Eden Muñoz,78,5,0.289327,0.308655,0,0.027338,4,5
La Pauta Crew,22,6,0.254709,0.266863,0,0.003988,1,1
Majid Jordan,68,6,0.282191,0.300182,0,0.024671,2,2
Play-N-Skillz,52,6,0.312829,0.334132,105.791368,0.051881,5,5
Edicion Especial,74,5,0.271565,0.28395,0,0.007998,1,1
Murda Beatz,58,6,0.265152,0.283263,0,0.017425,3,3
Kele,34,5,0.302107,0.320112,0,0.033001,2,2
T.Y.S,51,6,0.283266,0.29965,0,0.023585,1,1
El Bogueto,80,5,0.312336,0.329272,0,0.035717,3,6
Lenin Ramírez,69,5,0.291096,0.311905,646.979276,0.023642,5,5
Omar Ruiz,55,5,0.271565,0.28395,0,0.007998,1,1
Bryant LR,50,6,0.220697,0.227801,0,0.001185,1,1
Lalo Reyes,25,5,0.283739,0.296092,0,0.009855,1,1
KolomB,11,8,0.19209,0.204369,0,0.002814,2,2
Mixed Matches,44,8,0.192059,0.203949,0,0.002273,1,1
Fury,3,6,0.282996,0.304762,0,0.026245,3,3
Hades66,77,5,0.332402,0.365742,1141.520734,0.215926,23,32
KATSEYE,84,6,0.266041,0.283669,0,0.014909,1,1
TOKiMONSTA,50,1,1,1,0,0.000346,1,1
Jhonny Caz,13,6,0.256521,0.270056,0,0.005915,3,3
Seven Kayne,60,6,0.284145,0.303852,165.362598,0.028543,9,11
Kail BRL,55,6,0.266577,0.278978,0,0.008594,2,2
BROKIX,44,6,0.2939,0.311877,0,0.04335,3,3
Jerry Rivera,67,7,0.260109,0.276521,0,0.008779,1,1
0-600,51,6,0.300126,0.32021,0,0.039334,5,10
Amarion,52,6,0.286058,0.30895,0,0.039723,3,5
Banda Los Reales,45,8,0.179867,0.188003,0,0.001011,1,1
Angel Ureta,47,5,0.271565,0.28395,0,0.007998,1,1
Awesome Pierre,50,6,0.297277,0.318011,288.665173,0.032679,8,9
Jhay P,52,6,0.281191,0.298641,0,0.020737,1,1
Salastkbron,63,6,0.296906,0.31591,0,0.0268,3,3
bosco herrero,38,8,0.19209,0.204369,0,0.002756,2,2
TURY,67,5,0.301954,0.319258,0,0.041979,6,6
Cian Ducrot,61,7,0.224148,0.232441,0,0.000986,1,1
Marcianos Crew,49,6,0.287718,0.304104,0,0.01802,2,2
Clandestino,26,7,0.228407,0.2409,0,0.00322,2,2
Joel Elizalde,44,6,0.243503,0.255084,825.483952,0.004555,5,6
SHARIF RAFAEL,48,6,0.281991,0.298487,0,0.024596,2,2
JC Reyes,79,5,0.332402,0.36084,363.038941,0.133371,9,11
Trippie Redd,82,6,0.279212,0.297661,0,0.021101,1,1
Catalyna,32,6,0.305913,0.32909,98.705885,0.076415,6,6
Rubén Blades,64,6,0.300885,0.318375,0,0.033099,2,2
Tokischa,72,5,0.3312,0.362885,766.169699,0.147227,13,13
Residente,62,5,0.318522,0.339076,89.883523,0.062553,4,4
Michaël Brun,50,6,0.284621,0.301092,0,0.015739,2,2
Marco Flores Y La Jerez,54,7,0.207173,0.217743,148,0.001858,2,2
DJ Snake,80,5,0.309171,0.326947,123.321334,0.032821,3,4
VGLY,51,6,0.265388,0.277647,0,0.006263,1,1
El Coyote Y Su Banda Tierra Santa,70,6,0.254763,0.267283,0,0.004515,2,2
Gera Demara,47,6,0.241379,0.250588,0,0.002128,1,1
Plan B,81,6,0.309011,0.332773,67.606551,0.05937,4,4
Poeta Callejero,43,6,0.282862,0.303922,0,0.023929,1,1
千葉雄喜,58,6,0.281191,0.298641,0,0.020737,1,1
Tesher,59,6,0.282124,0.299762,0,0.020352,1,1
Ovi,70,5,0.360715,0.384664,2765.782427,0.129134,13,25
KAY KAY,21,6,0.283942,0.303894,0,0.047634,6,6
Hijos De Barron,56,7,0.205776,0.213611,0,0.000847,1,1
RBD,68,6,0.257799,0.272003,0,0.008901,1,1
Omar Courtz,84,5,0.365479,0.403557,2068.013165,0.490577,35,39
Dylan Coronel,36,7,0.205704,0.214538,0,0.001621,1,1
Zxmyr,60,7,0.205704,0.214538,0,0.001621,1,2
Miranda!,76,6,0.281058,0.296583,0,0.014937,2,2
Llane,44,6,0.311111,0.331751,116.822731,0.053713,6,6
Mariah Angeliq,61,5,0.331939,0.357675,146.167369,0.17643,10,10
Carlos Osuna,26,6,0.241379,0.250588,0,0.002128,1,1
José Guicho,49,6,0.271132,0.286275,0,0.011333,2,2
Evar,48,7,0.229907,0.24484,791.66263,0.006141,6,9
Beto Sierra,55,6,0.26527,0.279678,0,0.00752,1,1
Kidd Voodoo,76,6,0.315148,0.338655,81.655383,0.060628,3,3
Reboll333,45,6,0.283468,0.306303,0,0.036185,5,5
Close Counters,35,6,0.278167,0.297605,0,0.024445,3,3
"Tito ""El Bambino""",72,6,0.311682,0.338025,52.564711,0.081764,5,5
Soledad,62,6,0.259712,0.272325,0,0.006631,3,4
Will Smith,67,6,0.291025,0.306527,0,0.020456,2,2
Beéle,89,5,0.320496,0.34416,37.019768,0.096885,5,7
Valerio Gaytán,26,8,0.179867,0.188003,0,0.001011,1,1
Chris Palace,45,6,0.279212,0.297661,0,0.021101,1,1
Migrantes,63,6,0.287231,0.306737,0,0.038378,4,4
Sky Rompiendo,70,6,0.322756,0.348361,167.826277,0.123895,8,9
DVBBS,59,7,0.260109,0.276521,0,0.008779,1,1
Emanero,64,7,0.230933,0.24005,0,0.002408,2,2
DaniLeigh,56,6,0.281524,0.298417,0,0.019048,2,2
Miguel,81,6,0.281257,0.297577,0,0.017423,1,1
El Frizian,52,6,0.254709,0.266863,0,0.003988,1,1
50 Cent,86,6,0.296315,0.312759,0,0.025744,1,1
Luar La L,80,5,0.356822,0.394426,1932.316185,0.366584,31,39
Square Houze,39,6,0.299221,0.318263,10.446891,0.046906,5,5
Joaquin Medina,61,6,0.25303,0.26402,0,0.004317,2,3
Ben Yart,36,8,0.19209,0.204369,0,0.002899,2,2
LoLo,45,2,0.666667,0.75,0,0.000383,1,1
C.R.O,73,6,0.311355,0.332927,79.821338,0.048879,6,7
Banda La Fugitiva De Mike Miramontes,49,6,0.254709,0.266863,0,0.003988,1,1
JHAYCO,82,5,0.38737,0.424734,6370.668257,0.482265,32,42
Ivan Cornejo,79,5,0.305913,0.322353,54.636755,0.027984,3,3
Fantomel,57,6,0.265447,0.278067,0,0.006848,2,2
Shaggy,76,6,0.296315,0.313852,0,0.029918,2,2
Alberto Stylee,49,6,0.29131,0.311555,0,0.055473,5,5
Lennox,62,5,0.315232,0.337507,73.448088,0.10944,8,8
Badshah,76,6,0.294409,0.313375,0,0.0368,3,3
Villano Antillano,67,6,0.307335,0.329006,41.032412,0.058837,5,5
Los Pleneros de la Cresta,64,6,0.290954,0.306106,0,0.019523,1,1
Pirlo,70,5,0.329093,0.354636,395.131572,0.120241,11,11
Tempo,59,5,0.319807,0.344734,68.980944,0.088202,5,6
Boza,71,6,0.283266,0.29965,0,0.023585,1,1
Willy Rodríguez,47,6,0.278037,0.296765,0,0.021946,1,1
Gerardo Mercado,22,6,0.26527,0.279678,0,0.00752,1,1
Carlos Vives,74,6,0.260622,0.275224,0,0.009913,4,4
Kungs,68,6,0.278167,0.297605,0,0.024445,3,3
Eme MalaFe,65,7,0.205704,0.214538,0,0.001621,1,1
Kifykify,25,7,0.210731,0.218605,0,0.001078,1,1
Alex Zurdo,69,6,0.282124,0.299762,0,0.020352,1,1
Vanco,58,6,0.282191,0.300182,0,0.021638,2,2
PNAU,71,6,0.278363,0.298866,2,0.027538,6,6
Uriel Gaxiola,57,6,0.275654,0.290266,0,0.012346,3,3
Gustavo Palafox,41,6,0.265329,0.280098,0,0.008168,2,2
paopao,58,6,0.275527,0.29119,0,0.017564,1,2
Jan Paul,30,6,0.284893,0.306485,0,0.027888,2,2
Julianno Sosa,67,6,0.29224,0.310476,0,0.029106,5,5
Esto es ¡FA!,52,6,0.259769,0.272745,0.333333,0.0072,4,4
Chuy Lizarraga y Su Banda Tierra Sinaloense,65,6,0.254709,0.266863,0,0.003988,1,1
Reykon,63,6,0.300505,0.321064,9.174834,0.05179,3,3
Mundialista Crew,30,6,0.287579,0.303824,0,0.016934,2,2
Montana,40,6,0.250105,0.260826,0,0.00375,2,2
Chris Jedi,68,5,0.31415,0.338669,54.751732,0.098231,6,6
Luck Ra,75,6,0.317587,0.339846,521.210333,0.060657,10,10
Enrique Iglesias,80,5,0.294336,0.30979,0,0.025464,1,1
Snoop Dogg,83,5,0.346232,0.373683,4266.572794,0.130998,12,16
Shallipopi,73,6,0.283536,0.301653,50.019997,0.021932,2,2
Edwin Luna y La Trakalosa de Monterrey,68,1,1,1,0,0.000346,1,1
Lia Kali,65,6,0.310624,0.330168,58.201233,0.042912,3,4
Horacio Palencia,59,6,0.254709,0.266863,0,0.003988,1,1
Carlos Caro,22,6,0.227969,0.23923,0,0.003142,3,3
Yesan 雪山,56,6,0.287648,0.304244,0,0.020018,3,3
Davido,76,6,0.278037,0.296765,0,0.021946,1,1
Paula Prieto,56,6,0.259599,0.271485,0,0.005316,1,1
1krazer,13,2,0.571429,0.625,0,0.000461,1,1
Lito y Polaco,40,6,0.282124,0.299762,0,0.020352,1,1
Mariachi Divas de Cindy Shea,34,6,0.284553,0.300672,0,0.014911,1,1
Opi,7,7,0.228363,0.24048,0,0.002758,1,1
Fabianni,38,8,0.192121,0.204789,0,0.003426,3,3
Arón Piper,46,6,0.278493,0.294734,0,0.019705,3,3
A Cien,27,5,0.335495,0.362997,225.600912,0.226939,14,14
Ptazeta,54,6,0.298171,0.316008,52.486944,0.030011,5,5
JuicyNise,50,2,0.666667,0.75,0,0.000851,2,3
Brytiago,76,5,0.33352,0.357773,88.650501,0.11193,6,6
Elsidechain,35,7,0.260166,0.276941,0,0.00946,2,2
A.B. Quintanilla III,59,6,0.241379,0.250588,0,0.002128,1,1
Amenazzy,65,6,0.315734,0.342003,186.919963,0.082385,7,8
Pedro Capó,67,6,0.303107,0.324216,0,0.050671,2,2
CRTRAP OFICIAL,42,6,0.259712,0.272325,0,0.006534,3,3
Sparrow & Barbossa,49,6,0.284553,0.300672,0,0.014911,1,1
Yailemm,27,7,0.228407,0.2409,0,0.00322,2,2
Said Norzagaray,39,6,0.276423,0.293109,0,0.015767,3,4
Joel Avila,14,7,0.207137,0.215528,0,0.002527,4,4
Nidia Gongora,48,6,0.281191,0.298641,0,0.020737,1,1
LIT killah,71,6,0.335023,0.368431,3542.804471,0.142434,24,31
AXL,34,6,0.254763,0.267283,0,0.004515,2,2
Yandar & Yostin,56,6,0.276616,0.293459,0,0.016562,1,1
Joel De La P,63,5,0.30877,0.326317,488.173202,0.034961,8,13
miguel cornejo,59,6,0.27027,0.286849,969.703712,0.009141,2,2
Casper Magico,70,5,0.32381,0.345728,44.915965,0.093844,6,6
Orodembow,52,6,0.300202,0.32063,24.771034,0.040194,6,11
44 Kid,37,6,0.287787,0.304804,0,0.01978,4,4
Mr Eazi,63,6,0.29862,0.315126,0,0.037187,2,2
BAJO WEST 1708,24,6,0.259712,0.272325,0,0.006534,3,3
Delilah,32,6,0.284553,0.300672,0,0.014911,1,1
Dillon Francis,60,7,0.263216,0.28124,0,0.013451,5,5
Manuel Rodriguez,57,7,0.205704,0.214538,0,0.001621,1,1
Sorry My Love,27,7,0.263216,0.28124,0,0.013451,5,5
La Ventaja,58,6,0.265329,0.280098,0,0.008168,2,2
Rema,78,6,0.281191,0.298641,0,0.020737,1,1
Nixto,2,6,0.282862,0.303922,0,0.023929,1,1
Alok,78,5,0.271627,0.28437,0,0.008644,2,2
ROBI,54,6,0.266041,0.283669,0,0.014909,1,1
Gallagher,33,6,0.287579,0.303824,0,0.0177,2,2
Chanell,51,6,0.266338,0.28521,0,0.018427,4,4
Sin Nombre,49,6,0.273941,0.288347,0,0.013863,1,1
Big Sean,76,6,0.296315,0.312759,0,0.025744,1,1
Leebrian,52,6,0.310381,0.333838,1027.154615,0.048808,8,9
Six Sex,56,7,0.248486,0.260722,0,0.004634,1,1
Juanes,77,7,0.205776,0.213611,0,0.000847,1,1
"Jenny ""La Sexy Voz""",42,6,0.247144,0.261597,0,0.00769,3,3
Julieta Venegas,76,6,0.300581,0.318627,0,0.036946,2,4
Grupo H3,6,6,0.26527,0.279678,0,0.00752,1,1
Diddy,73,6,0.279212,0.298445,0,0.02328,2,2
GARABATTO,58,6,0.283468,0.302255,0,0.032731,3,4
KARRAHBOOO,48,6,0.220697,0.227801,0,0.001185,1,1
Panda Black,70,6,0.272561,0.285084,0,0.00975,2,3
HERNAN TREJO,58,6,0.275017,0.288515,0,0.008402,1,1
ROA,79,5,0.305285,0.322899,0,0.05696,5,5
Akapellah,64,6,0.325314,0.346415,427.311652,0.061646,6,7
Alex Sensation,54,6,0.296315,0.313852,0,0.029918,2,2
Rusherking,66,7,0.282862,0.307179,470.380141,0.03627,9,11
Yung Beef,78,5,0.332124,0.352059,15278.609731,0.059545,8,12
Chino Pacas,78,5,0.314981,0.337339,103.702595,0.051877,9,14
Wstuff,26,6,0.265033,0.282423,0,0.015089,1,1
Jowell & Randy,73,5,0.352384,0.383669,567.20176,0.257467,15,19
Gonzy,62,5,0.304582,0.322283,0,0.037147,2,2
Divino,42,6,0.282124,0.299762,0,0.020352,1,1
Lil Tjay,77,6,0.300429,0.318011,0,0.036993,2,2
Edgardo Nuñez,75,5,0.306385,0.326793,153.18473,0.037788,7,10
AriBeatz,48,6,0.286126,0.304426,0,0.02539,3,3
Tears For Fears,76,7,0.260851,0.27407,0,0.008325,2,2
La Maquinaria Norteña,63,7,0.205776,0.213611,0,0.000847,1,1
Kay Trashu,18,8,0.19209,0.204369,0,0.003104,2,2
Morat,81,6,0.2735,0.286176,0,0.008045,1,1
Capo,46,6,0.275081,0.288936,0,0.009051,2,2
Yeri Mua,68,6,0.220697,0.227801,0,0.001185,1,1
Subelo NEO,47,6,0.279212,0.297661,0,0.021101,1,1
D.OZi,53,6,0.307573,0.331092,24.141729,0.068286,4,5
Depresión Sonora,64,6,0.225208,0.238641,2311.687486,0.003458,2,2
Tiësto,82,5,0.322581,0.342311,114.679209,0.057102,6,7
Grupo Cañaveral De Humberto Pabón,66,6,0.239292,0.248011,0,0.002008,1,1
Estrada,14,6,0.282996,0.304762,0,0.026245,3,3
Onyx Toca El Piano,41,6,0.282929,0.304342,0,0.025025,2,2
Juan Gabriel,80,6,0.255859,0.267717,44.609937,0.005227,2,2
El Cherry Scom,61,5,0.332774,0.35444,244.455233,0.080278,6,11
Hoke,58,6,0.273941,0.288347,0,0.013863,1,1
Tru Comers,46,6,0.281257,0.299062,0,0.021701,2,2
Danay Suárez,41,6,0.276616,0.293459,0,0.016562,1,1
Joss Favela,62,6,0.266816,0.280266,42.69127,0.006116,2,2
TEDDY-O,35,6,0.284077,0.302661,0,0.032425,2,2
Mks,36,6,0.287509,0.303403,0,0.016047,1,1
Big Soto,63,5,0.302337,0.319566,510.762427,0.026296,5,6
Libianca,63,6,0.288835,0.306905,2512.368486,0.018571,5,5
Cory,29,6,0.26616,0.28423,0,0.01749,2,2
Dani Ribba,54,7,0.269475,0.288103,0,0.016819,4,4
Chyno,2,6,0.283064,0.304902,0,0.028535,3,3
Omah Lay,76,6,0.306149,0.326681,340.315299,0.048707,4,5
Kapo,80,6,0.319292,0.34549,6.295573,0.119621,5,5
Remp,58,6,0.267416,0.280392,0,0.009008,3,3
Juanka,68,5,0.370948,0.405854,3922.269718,0.331836,27,36
De La Rose,80,6,0.336443,0.370378,522.198257,0.229006,14,16
India Martinez,63,6,0.239292,0.248011,0,0.002008,1,1
ERRE,44,6,0.250685,0.259986,0,0.003219,1,2
Aldo Trujillo,56,6,0.26527,0.279678,0,0.00752,1,1
sped up + slowed,64,7,0.224148,0.232441,0,0.000986,1,1
Pablo Lescano,43,6,0.284349,0.297689,0,0.012791,2,2
Justin Quiles,79,5,0.395743,0.438207,17389.819175,0.66769,51,82
Bellakath,67,5,0.271565,0.28395,0,0.007998,1,1
CA7RIEL,53,6,0.287509,0.303403,0,0.016047,1,1
Juliito,49,6,0.275527,0.29119,0,0.017564,1,1
ROSALÍA,88,6,0.315901,0.341989,6.390546,0.122866,7,7
Fresy Franklin,20,6,0.265033,0.282423,0,0.015089,1,1
Eugenio Esquivel,61,6,0.270455,0.288109,985.463116,0.01222,5,7
Los Esquivel,61,6,0.270455,0.288109,985.463116,0.01222,5,8
Esteban Gabriel,38,6,0.263333,0.276513,0,0.005973,1,1
Crissin,52,6,0.291738,0.311583,0,0.052033,5,5
Aventura,81,6,0.290954,0.306106,0,0.019523,1,1
Pusho,61,5,0.312993,0.336583,0,0.087738,6,6
Su Majestad Mi Banda el Mexicano de Casimiro,4,8,0.179867,0.188003,0,0.001011,1,1
Yaviah,60,6,0.29907,0.318838,58.200172,0.041953,4,4
Campedrinos,57,6,0.259712,0.272325,0,0.006631,3,3
Gordo,61,5,0.33427,0.355854,796.77629,0.08567,7,9
Turo Pacas,38,5,0.271565,0.28395,0,0.007998,1,1
Shakira,88,5,0.326475,0.34549,136.275594,0.058954,5,6
Charli xcx,84,6,0.220697,0.227801,0,0.001185,1,1
La T y La M,73,6,0.299748,0.317213,0,0.027165,2,2
Camilo,80,6,0.318352,0.342353,107.118978,0.069913,4,4
FARIANA,55,5,0.344828,0.373782,1090.550803,0.178379,13,13
Obie Wanshot,54,6,0.29224,0.310476,0,0.029106,5,5
Dave,81,7,0.259939,0.272809,0,0.007681,2,2
Maldy,60,6,0.320841,0.348249,2.326652,0.129161,6,7
Spiff TV,57,6,0.296389,0.313992,0,0.031365,2,2
Travis Barker,67,5,0.306306,0.322983,45.395125,0.032075,2,2
3rajean,23,8,0.19209,0.204369,0,0.002899,2,2
Marlku,38,6,0.296906,0.31591,0,0.026048,3,3
Noriel,79,5,0.317587,0.337031,109.879896,0.060155,5,9
Legion RG,62,6,0.262346,0.274958,0,0.006421,2,2
Ñejo & Dalmata,65,6,0.297649,0.315952,63.366961,0.031482,2,2
Prince Royce,81,6,0.282124,0.299762,0,0.020352,1,1
Young Fatty,67,5,0.301954,0.319258,0,0.041979,6,6
Timbaland,82,7,0.258527,0.270638,0,0.006611,1,1
Sticky M.A.,54,8,0.192183,0.205629,2.5,0.00441,5,6
DimeWest,35,6,0.290032,0.314846,4.654687,0.041748,3,3
John Jay,37,6,0.282862,0.303922,0,0.023929,1,1
Daviles de Novelda,59,6,0.284553,0.300672,0,0.014911,1,1
Los Del Roble,37,6,0.254709,0.266863,0,0.003988,1,1
''El Obama'' Carlos Anderson,47,6,0.239292,0.248011,0,0.002008,1,1
Carla Morrison,73,6,0.276616,0.293459,0,0.016562,1,1
Maria Blaya,30,8,0.192059,0.203949,0,0.002273,1,1
Jehza,35,6,0.282929,0.304342,0,0.025025,2,2
Lola Indigo,66,6,0.283131,0.298796,29.037105,0.020474,2,2
DJ Drama,62,6,0.273186,0.294006,69.486527,0.03157,9,9
El Fantasma,71,5,0.280396,0.295798,0,0.015518,2,2
Gabriela,35,6,0.290954,0.306106,0,0.019523,1,1
RaiNao,68,6,0.305991,0.326485,0,0.05451,3,3
Chyno Nyno,6,6,0.282862,0.303922,0,0.023929,1,1
Santa Fe Klan,75,4,0.341365,0.360504,2831.317542,0.059936,7,7
Esteban Rojas,53,6,0.306385,0.331765,117.4832,0.077232,8,8
Novillos de la Sierra,65,6,0.26527,0.279678,0,0.00752,1,1
Treintisiete,53,5,0.294409,0.31021,0,0.027367,2,2
Ty Dolla $ign,83,6,0.291738,0.313501,0,0.041838,2,2
Doctor Culichi,27,6,0.254709,0.266863,0,0.003988,1,1
Jesus Payan,29,6,0.26527,0.279678,0,0.00752,1,1
Nigo,53,5,0.309332,0.325658,0,0.025901,2,4
Endo,57,6,0.284077,0.305952,0,0.026519,3,3
Shawny Binladen,35,6,0.265092,0.282843,0,0.016532,2,2
BCA,42,6,0.283266,0.29965,0,0.023585,1,1
ODD MAMI,41,7,0.210731,0.218605,0,0.001078,1,1
Mambo Kingz,77,5,0.332588,0.360518,78.141312,0.192646,12,23
Alejandro Buelna,38,7,0.205704,0.214538,0,0.001621,1,1
Og Black,22,1,1,1,0,0.000346,1,1
Krizous,41,6,0.263333,0.276513,0,0.005973,1,1
John Jay,9,6,0.282862,0.303922,0,0.023929,1,1
BlueFire,47,6,0.274004,0.288768,0,0.01464,2,2
Oscar Maydon,54,6,0.275145,0.289356,0,0.010185,3,3
Steve Aoki,72,6,0.280594,0.296793,0,0.01425,2,2
Jr Torres,34,6,0.263333,0.276513,0,0.005973,1,1
Lomiiel,64,6,0.220697,0.227801,0,0.001185,1,1
Alex Kyza,55,5,0.319635,0.345966,0,0.120069,7,7
Corina Smith,60,6,0.296315,0.312759,0,0.025744,1,1
CLMD,44,6,0.282191,0.300182,0,0.021638,2,2
Mikey Barreneche,20,6,0.286609,0.303193,0,0.01659,2,2
Gerardo Coronel,67,6,0.239292,0.248011,0,0.002008,1,1
Chencho,23,6,0.244604,0.257633,0,0.006145,2,2
J Alvarez,72,5,0.32381,0.352577,368.715289,0.126496,10,10
Travy Dev,23,8,0.19209,0.204369,0,0.003104,2,3
Bryant Myers,82,5,0.353221,0.387661,1200.000469,0.373334,28,37
Ñejo,72,6,0.31708,0.345952,126.835367,0.09848,8,10
Damian Marley,69,6,0.276616,0.293459,0,0.016562,1,1
De La Ghetto,78,5,0.406838,0.448039,9334.102807,0.683032,54,82
Cuti y Roberto Carabajal,52,6,0.259599,0.271485,0,0.005316,1,1
"Franco ""El Gorilla""",65,5,0.316826,0.34472,2121.275969,0.130036,15,15
Malandro,62,6,0.287509,0.303403,0,0.016047,1,1
Tadu Vázquez,48,7,0.267116,0.283747,0,0.013622,4,4
Jessie Reyez,69,6,0.321535,0.342269,186.362555,0.060748,5,5
Nathan Galante,49,7,0.205776,0.213611,0,0.000847,1,1
Ele d,37,6,0.266697,0.28584,0,0.023778,5,5
Southside,59,6,0.265033,0.282423,0,0.015089,1,1
Joaqo,29,7,0.258527,0.270638,0,0.006611,1,1
Belinda,74,6,0.279605,0.294832,0,0.012216,2,2
Keko Musik,47,6,0.26832,0.281289,0,0.00938,2,2
Travis Scott,91,6,0.291025,0.306527,0,0.020456,2,2
Alejandro Armes,45,6,0.298171,0.317003,0,0.045984,4,4
Alann Mora,35,8,0.179867,0.188003,0,0.001011,1,1
Rei,62,6,0.297426,0.316569,7.683203,0.032876,3,3
Lara91k,47,6,0.301342,0.32049,35.912255,0.034022,3,3
Big Deiv,30,6,0.287579,0.303824,0,0.016934,2,2
Los De La Huerta,7,6,0.26527,0.279678,0,0.00752,1,1
Lil Baby,88,6,0.302491,0.322087,285.28813,0.044774,6,6
Manuelvezz,47,6,0.25303,0.26402,0,0.004317,2,2
Los chuky,14,6,0.220697,0.227801,0,0.001185,1,1
Shootter Ledo,39,6,0.291096,0.306667,0,0.023547,2,2
Eich,32,6,0.296906,0.31591,0,0.026048,3,3
donniedarko,32,7,0.26028,0.277781,0,0.012651,4,4
The Marías,85,6,0.305128,0.325854,0,0.051855,3,3
Four Tet,62,6,0.294773,0.316289,0,0.040039,3,3
Los Plebes del Rancho de Ariel Camacho,70,5,0.287996,0.301036,682.928753,0.010762,2,2
Alex Gargolas,65,5,0.311437,0.333249,0,0.089676,5,5
Jowell,61,6,0.284077,0.305952,0,0.026519,3,3
Diem BB,23,5,0.301724,0.319132,0,0.030946,1,1
Uziel Payan,40,6,0.259712,0.274832,0,0.008985,6,7
Omy de Oro,54,5,0.325314,0.353459,148.520578,0.125438,7,7
Ricky Martin,74,6,0.291667,0.307227,0,0.021697,2,2
iseekarlo,41,8,0.19209,0.204369,0,0.002756,2,4
Junior Osorio,2,5,0.301877,0.319692,1189,0.031315,2,2
Badguychapo,52,6,0.275081,0.288936,0,0.009051,2,2
Hanzel La H,63,6,0.291238,0.316457,10.740413,0.048658,4,4
Tony Aguirre,66,6,0.26527,0.279678,0,0.00752,1,1
Alejandro Fierro,42,7,0.205704,0.214538,0,0.001621,1,2
Anitta,81,5,0.349281,0.377213,1606.55562,0.154611,15,15
LA ÉLITE,42,8,0.192059,0.203949,0,0.002273,1,2
Boniface,10,6,0.282191,0.300182,0,0.021638,2,2
Morad,80,6,0.327373,0.352437,383.105175,0.087869,8,9
BNYX®,61,6,0.287579,0.303824,0,0.016934,2,2
Santana,72,6,0.2735,0.286176,0,0.008045,1,1
Shawn Mendes,83,6,0.281257,0.297577,0,0.017423,1,1
Elixir,39,7,0.260166,0.276941,0,0.009691,2,2
I-Ace,36,8,0.192121,0.204789,0,0.003426,3,3
Sugarhill Ddot,53,6,0.265152,0.283263,0,0.017425,3,3
keyblayde808,28,7,0.210806,0.219446,0,0.002398,3,3
Gerardo Ortiz,75,6,0.26527,0.279678,0,0.00752,1,1
Tego Calderón,73,5,0.320237,0.342941,0,0.078118,3,3
Nico Valdi,59,6,0.287231,0.306737,0,0.038378,4,4
Fivio Foreign,64,6,0.296315,0.312759,0,0.025744,1,1
El Yaki,27,5,0.271565,0.28395,0,0.007998,1,1
Randy,49,5,0.315315,0.336246,0,0.149601,8,8
Alto Linaje,51,6,0.263333,0.276513,0,0.005973,1,2
Ingratax,54,6,0.279868,0.300406,6499.985538,0.020409,6,6
Elvis Crespo,69,5,0.301724,0.319132,0,0.030946,1,1
Big One,67,6,0.299975,0.319818,1303.272553,0.038149,9,10
The Weeknd,96,6,0.291025,0.306527,0,0.020456,2,2
Mc,1,6,0.282862,0.303922,0,0.023929,1,1
Lucho SSJ,61,6,0.307971,0.330028,426.527556,0.045676,10,12
ByMonkid,38,6,0.287509,0.303403,0,0.016047,1,1
Rich The Kid,66,5,0.329184,0.352927,428.326807,0.08057,6,7
Lauren Jauregui,51,6,0.289045,0.304888,0,0.02295,2,3
Gaby Music,59,5,0.300733,0.317857,0,0.054625,4,4
Fran C,61,6,0.266517,0.278557,0,0.007974,1,1
LATIN MAFIA,77,6,0.279212,0.297661,0,0.021101,1,1
Anubiis,57,6,0.283468,0.306303,0,0.036185,5,5
Best,53,6,0.299899,0.318683,0,0.047913,4,4
Marconi Impara,59,6,0.281657,0.301583,0,0.029741,2,2
Ivy Queen,65,6,0.314898,0.342591,178.339238,0.118082,10,11
Tan Bionica,70,6,0.278102,0.291289,0,0.010303,1,1
Gloria Trevi,73,6,0.266816,0.280266,42.69127,0.006116,2,2
WIU,73,6,0.273249,0.289678,0,0.016403,1,1
Steve Lean,57,8,0.192152,0.205209,1.5,0.00399,4,5
Marcianeke,63,6,0.301342,0.322717,151.3062,0.034235,4,4
Nico Canada,32,6,0.282862,0.303922,0,0.023929,1,1
Lil Jon,75,5,0.331939,0.353389,259.605203,0.078728,6,12
Jorge Morales El Jilguero,37,5,0.283739,0.296092,0,0.009855,1,1
Turf,59,6,0.259599,0.271485,0,0.005316,1,2
COLORS,70,6,0.302568,0.322143,0,0.046481,2,2
José Mejía,55,6,0.263333,0.276513,0,0.005973,1,1
El Bala,31,7,0.205776,0.213611,0,0.000847,1,1
Beny Jr,74,6,0.296536,0.313389,0,0.02883,2,2
Zecca,41,6,0.296906,0.31591,0,0.026775,3,3
Lil Mosey,67,5,0.315232,0.332339,298.456165,0.036567,4,4
Metalingüística,35,6,0.273061,0.290364,0,0.017147,2,2
DannyLux,72,6,0.291025,0.307787,54.636755,0.01813,2,3
Alfredo Olivas,80,5,0.282057,0.29916,124.537992,0.017646,3,3
Lucas Arnau,45,6,0.260622,0.275224,0,0.009913,4,4
Alex Coppel,39,8,0.179867,0.188003,0,0.001011,1,2
Future,91,6,0.314815,0.338557,83.744832,0.078883,5,5
Jaque Mate,57,6,0.262346,0.274958,0,0.006421,2,2
Delirious,39,6,0.282862,0.303922,0,0.023929,1,1
Xavi,78,5,0.289679,0.306218,0,0.022306,3,3
Djimon Hounsou,23,1,1,1,0,0.000346,1,1
Glizzy Gvng,47,6,0.266996,0.286751,1.663571,0.027506,6,6
Gianluca Vacchi,45,6,0.282191,0.300182,0,0.021638,2,2
Cruz Cafuné,69,6,0.273941,0.288347,0,0.013863,1,2
Sabine,23,7,0.205704,0.214538,0,0.001621,1,1
Zion,76,5,0.355224,0.391022,1540.682945,0.40122,33,38
Ulices Chaidez,60,6,0.250685,0.259986,0,0.003219,1,1
Christian Nodal,80,6,0.281457,0.296611,0,0.014308,2,2
Swae Lee,79,6,0.295946,0.320014,358.71984,0.046191,5,5
Amilkar Galaviz,40,6,0.279408,0.296176,4381.939113,0.011259,4,5
Jezzy,70,5,0.301724,0.319132,0,0.030946,1,1
Jere Klein,77,6,0.287093,0.303179,0,0.018277,2,2
Lil Geniuz,55,6,0.2661,0.28409,0,0.016312,2,2
TINI,78,6,0.329002,0.352157,1320.465169,0.062217,6,8
Di Genius,50,6,0.299371,0.318725,0,0.024853,3,6
Pharrell Williams,81,6,0.28139,0.300532,0,0.022849,2,3
AFROJACK,74,5,0.271565,0.28395,0,0.007998,1,1
Los Dareyes De La Sierra,80,5,0.316826,0.341261,1757.73839,0.058971,12,16
Jovaan,52,6,0.26978,0.288992,0,0.01914,3,3
Cauty,56,5,0.306543,0.325434,0,0.047749,2,2
KC Lights,50,6,0.284553,0.300672,0,0.014911,1,1
Valentino Merlo,63,7,0.263391,0.277781,155.929591,0.011076,4,4
LEGADO 7,68,6,0.276359,0.292689,0,0.013783,2,2
TV Noise,32,6,0.286609,0.303193,0,0.01659,2,2
Dyan,40,7,0.260166,0.276941,0,0.00946,2,2
Bayron Fire,65,7,0.273249,0.29033,0,0.018831,5,5
Marshmello,82,5,0.317842,0.337857,567.793353,0.048371,3,3
Foking,48,6,0.259712,0.272325,0,0.006534,3,4
Mura Masa,60,6,0.284553,0.300672,0,0.014911,1,1
Ovy On the Drums,51,6,0.273941,0.288347,0,0.013863,1,1
Julia Michaels,20,6,0.299371,0.318725,0,0.024853,3,6
Maria Becerra,80,5,0.358326,0.385308,2420.133705,0.213267,14,15
Drenchill,53,6,0.282191,0.300182,0,0.021638,2,2
W Sound,75,6,0.275527,0.289748,0,0.014518,2,2
Aqua VS,54,6,0.272124,0.288557,11.870285,0.013095,3,4
Emilee,57,6,0.27668,0.29388,0,0.017417,2,2
Lil Supa,59,6,0.281257,0.299062,0,0.021701,2,2
Nacho,64,6,0.281191,0.298641,0,0.020737,1,1
Arthur Hanlon,52,6,0.278037,0.296765,0,0.021946,1,1
Nio Garcia,69,5,0.332217,0.357521,80.18947,0.155065,9,9
Meño Segovia,39,8,0.179867,0.188003,0,0.001011,1,1
SOG,68,5,0.315985,0.333137,9.538964,0.056441,4,4
Kendo Kaponi,68,5,0.337684,0.366765,33.716946,0.191706,10,13
Mau y Ricky,68,6,0.321274,0.345266,521.222762,0.062958,7,7
Juanchito,52,6,0.26616,0.279888,0,0.010818,3,3
Chimbala,66,5,0.327193,0.346443,461.361075,0.064071,6,6
Mesita,59,6,0.301877,0.323123,109.812206,0.038082,7,8
Jamby El Favo,67,6,0.295285,0.314286,0,0.053793,7,7
Black Eyed Peas,83,6,0.282593,0.302703,10.5,0.027211,8,8
Davus,44,7,0.267116,0.283747,0,0.013622,4,4
Camila Cabello,81,6,0.307653,0.3257,0,0.042052,2,2
Max Peraza,62,6,0.260565,0.275448,123.172063,0.007152,4,4
Los Tucanes De Tijuana,76,6,0.267596,0.281597,71.477333,0.006745,3,3
DJ Saot ST,34,6,0.274004,0.288768,0,0.01464,2,2
Los G4,51,6,0.311763,0.339258,597.442815,0.094452,12,12
A Boogie Wit da Hoodie,80,7,0.258527,0.270638,0,0.006611,1,1
Buscabulla,61,6,0.290954,0.306106,0,0.019523,1,1
Alex Torres,60,5,0.310949,0.328347,0,0.032983,2,5
Midnvght,62,6,0.311274,0.337549,218.268502,0.078417,8,9
Franux BB,43,6,0.287787,0.304804,0,0.01978,4,4
Tiago PZK,76,5,0.351655,0.375462,2710.926991,0.108849,17,23
Dylan Fuentes,49,6,0.303494,0.324678,33.952226,0.066174,7,8
PARTYNEXTDOOR,85,6,0.291025,0.306527,0,0.020456,2,2
Jairo Vera,68,6,0.305834,0.327759,145.93098,0.064757,9,9
Lucho RK,72,6,0.273941,0.288347,0,0.013863,1,1
Julieta,45,8,0.192059,0.203949,0,0.002273,1,1
Tonny Tun Tun,58,6,0.284349,0.303782,0,0.045144,4,4
Haze,50,6,0.298545,0.316583,0,0.043261,2,2
Tiagz,62,5,0.291595,0.306106,0,0.015253,2,2
AKRIILA,64,6,0.259599,0.271485,0,0.005316,1,1
Angel Almaguer,65,7,0.205704,0.214538,0,0.001621,1,1
Vanessa Mai,55,6,0.288275,0.305574,0,0.023343,2,2
RONNY J,50,6,0.267176,0.281835,0,0.010424,2,2
Angel Dior,52,6,0.3116,0.335532,100.330123,0.086783,5,5
Jimmy Guzman,66,7,0.205704,0.214538,0,0.001621,1,1
J Abdiel,66,5,0.300733,0.317745,0,0.043523,4,4
Luísa Sonza,74,7,0.267777,0.284756,57.936124,0.012697,3,4
Gadiel,47,6,0.297649,0.316443,2.289322,0.03619,4,4
Mon Laferte,80,6,0.303959,0.322255,0,0.031405,2,2
Cozy Cuz,53,5,0.275782,0.288543,0,0.009689,3,3
Radamel,51,6,0.259599,0.271485,0,0.005316,1,1
Estevie,44,6,0.250685,0.259986,0,0.003219,1,1
Jasiel Nuñez,75,5,0.301266,0.319902,0,0.030379,5,9
Benji La Maldita Escritura De Oro,44,6,0.266517,0.278557,0,0.007974,1,1
Paul Wall,65,6,0.282124,0.299762,0,0.020352,1,1
Mejiias,20,8,0.19209,0.204369,0,0.002756,2,2
G Herbo,73,6,0.265152,0.283263,0,0.017425,3,3
Zell,62,6,0.295579,0.316849,37717.818245,0.023072,5,6
Underaiki,47,8,0.19209,0.204369,0,0.003104,2,2
SOMBRA PR,57,5,0.307414,0.329496,207.326627,0.055083,7,7
DJ Tao,63,6,0.300278,0.320336,88.726172,0.048546,6,7
La Exce,44,5,0.301724,0.319132,0,0.030946,1,1
Natalia Jiménez,64,6,0.289961,0.308445,309.73129,0.02248,2,2
Rvfv,72,7,0.258527,0.270638,0,0.006611,1,1
Lavern,61,6,0.286609,0.303193,0,0.01659,2,2
Grupo Maximo Grado,66,5,0.307653,0.330252,357.20802,0.037694,6,7
Agarrate Catalina,46,6,0.284689,0.300168,0,0.016434,2,4
